"Date","Open","High","Low","Close","Result ‌Weighted Close‌ (50,y)","RSI ‌rsi‌ (21,C)","RSI ‌rsi‌ (56)","RSI ‌rsi‌ (36)","Result ‌Typical Price‌ (28,n)"
"Tue Jun 04 2024 00:00:00 GMT+0530 (India Standard Time)","5914.83","5914.83","5914.83","5914.83","5451.10","52.90","58.92","56.90","5858.75"
"Wed Jun 05 2024 00:00:00 GMT+0530 (India Standard Time)","5873.39","5873.39","5873.39","5873.39","5481.46","52.21","58.47","56.34","5873.13"
"Thu Jun 06 2024 00:00:00 GMT+0530 (India Standard Time)","6217.69","6217.69","6217.69","6217.69","5515.47","57.14","61.01","59.71","5900.29"
"Fri Jun 07 2024 00:00:00 GMT+0530 (India Standard Time)","6371.88","6371.88","6371.88","6371.88","5551.03","59.12","62.06","61.10","5933.86"
"Mon Jun 10 2024 00:00:00 GMT+0530 (India Standard Time)","6398.31","6398.31","6398.31","6398.31","5586.25","59.46","62.24","61.33","5969.54"
"Tue Jun 11 2024 00:00:00 GMT+0530 (India Standard Time)","6471.24","6471.24","6471.24","6471.24","5623.61","60.41","62.74","61.98","6008.06"
"Wed Jun 12 2024 00:00:00 GMT+0530 (India Standard Time)","6520.78","6520.78","6520.78","6520.78","5661.30","61.05","63.07","62.42","6048.57"
"Thu Jun 13 2024 00:00:00 GMT+0530 (India Standard Time)","6794.41","6794.41","6794.41","6794.41","5701.28","64.44","64.84","64.75","6102.67"
"Fri Jun 14 2024 00:00:00 GMT+0530 (India Standard Time)","7099.41","7099.41","7099.41","7099.41","5744.78","67.72","66.66","67.08","6172.89"
"Tue Jun 18 2024 00:00:00 GMT+0530 (India Standard Time)","7466.34","7466.34","7466.34","7466.34","5793.77","71.09","68.64","69.57","6252.74"
"Wed Jun 19 2024 00:00:00 GMT+0530 (India Standard Time)","7229.83","7229.83","7229.83","7229.83","5838.66","66.40","66.06","66.25","6326.79"
"Thu Jun 20 2024 00:00:00 GMT+0530 (India Standard Time)","7221.16","7221.16","7221.16","7221.16","5882.72","66.23","65.97","66.13","6398.81"
"Fri Jun 21 2024 00:00:00 GMT+0530 (India Standard Time)","7089.68","7089.68","7089.68","7089.68","5923.76","63.66","64.57","64.32","6467.73"
"Mon Jun 24 2024 00:00:00 GMT+0530 (India Standard Time)","7202.54","7202.54","7202.54","7202.54","5967.00","64.89","65.22","65.16","6533.14"
"Tue Jun 25 2024 00:00:00 GMT+0530 (India Standard Time)","7246.52","7246.52","7246.52","7246.52","6010.58","65.37","65.46","65.49","6599.27"
"Wed Jun 26 2024 00:00:00 GMT+0530 (India Standard Time)","7263.23","7263.23","7263.23","7263.23","6053.98","65.55","65.56","65.61","6659.27"
"Thu Jun 27 2024 00:00:00 GMT+0530 (India Standard Time)","7295.72","7295.72","7295.72","7295.72","6098.73","65.93","65.75","65.86","6711.52"
"Fri Jun 28 2024 00:00:00 GMT+0530 (India Standard Time)","7283.69","7283.69","7283.69","7283.69","6142.02","65.65","65.61","65.68","6755.92"
"Mon Jul 01 2024 00:00:00 GMT+0530 (India Standard Time)","7429.79","7429.79","7429.79","7429.79","6189.26","67.41","66.46","66.82","6798.05"
"Tue Jul 02 2024 00:00:00 GMT+0530 (India Standard Time)","7512.06","7512.06","7512.06","7512.06","6237.13","68.36","66.93","67.44","6838.08"
"Wed Jul 03 2024 00:00:00 GMT+0530 (India Standard Time)","7790.19","7790.19","7790.19","7790.19","6289.86","71.35","68.44","69.45","6880.16"
"Thu Jul 04 2024 00:00:00 GMT+0530 (India Standard Time)","8125.81","8125.81","8125.81","8125.81","6347.01","74.41","70.12","71.61","6928.32"
"Fri Jul 05 2024 00:00:00 GMT+0530 (India Standard Time)","8284.65","8284.65","8284.65","8284.65","6404.66","75.70","70.87","72.56","6983.09"
"Mon Jul 08 2024 00:00:00 GMT+0530 (India Standard Time)","8291.99","8291.99","8291.99","8291.99","6461.09","75.76","70.91","72.60","7044.83"
"Tue Jul 09 2024 00:00:00 GMT+0530 (India Standard Time)","8203.88","8203.88","8203.88","8203.88","6516.02","73.50","69.90","71.21","7099.33"
"Wed Jul 10 2024 00:00:00 GMT+0530 (India Standard Time)","8128.79","8128.79","8128.79","8128.79","6569.96","71.59","69.05","70.03","7154.13"
"Thu Jul 11 2024 00:00:00 GMT+0530 (India Standard Time)","8302.03","8302.03","8302.03","8302.03","6628.01","73.27","69.91","71.16","7213.44"
"Fri Jul 12 2024 00:00:00 GMT+0530 (India Standard Time)","8190.29","8190.29","8190.29","8190.29","6683.97","70.44","68.66","69.43","7257.86"
"Mon Jul 15 2024 00:00:00 GMT+0530 (India Standard Time)","8125.39","8125.39","8125.39","8125.39","6738.75","68.82","67.94","68.43","7336.81"
"Tue Jul 16 2024 00:00:00 GMT+0530 (India Standard Time)","8018.96","8018.96","8018.96","8018.96","6793.54","66.20","66.77","66.81","7413.44"
"Thu Jul 18 2024 00:00:00 GMT+0530 (India Standard Time)","7714.37","7714.37","7714.37","7714.37","6845.16","59.41","63.59","62.45","7466.89"
"Fri Jul 19 2024 00:00:00 GMT+0530 (India Standard Time)","7485.80","7485.80","7485.80","7485.80","6890.26","54.96","61.35","59.46","7506.67"
"Mon Jul 22 2024 00:00:00 GMT+0530 (India Standard Time)","7683.05","7683.05","7683.05","7683.05","6940.79","57.82","62.51","61.11","7552.56"
"Tue Jul 23 2024 00:00:00 GMT+0530 (India Standard Time)","7469.08","7469.08","7469.08","7469.08","6986.08","53.92","60.51","58.46","7588.19"
"Wed Jul 24 2024 00:00:00 GMT+0530 (India Standard Time)","7411.88","7411.88","7411.88","7411.88","7031.12","52.92","59.99","57.76","7620.02"
"Thu Jul 25 2024 00:00:00 GMT+0530 (India Standard Time)","7335.60","7335.60","7335.60","7335.60","7070.41","51.58","59.29","56.84","7639.35"
"Fri Jul 26 2024 00:00:00 GMT+0530 (India Standard Time)","7480.40","7480.40","7480.40","7480.40","7112.12","53.91","60.18","58.15","7652.95"
"Mon Jul 29 2024 00:00:00 GMT+0530 (India Standard Time)","7712.95","7712.95","7712.95","7712.95","7154.72","57.37","61.56","60.14","7661.76"
"Tue Jul 30 2024 00:00:00 GMT+0530 (India Standard Time)","7723.81","7723.81","7723.81","7723.81","7192.54","57.52","61.63","60.23","7679.40"
"Wed Jul 31 2024 00:00:00 GMT+0530 (India Standard Time)","7633.79","7633.79","7633.79","7633.79","7224.41","55.74","60.78","59.08","7694.14"
"Thu Aug 01 2024 00:00:00 GMT+0530 (India Standard Time)","7526.32","7526.32","7526.32","7526.32","7249.93","53.66","59.79","57.73","7709.74"
"Fri Aug 02 2024 00:00:00 GMT+0530 (India Standard Time)","7409.75","7409.75","7409.75","7409.75","7270.30","51.48","58.73","56.29","7717.14"
"Mon Aug 05 2024 00:00:00 GMT+0530 (India Standard Time)","7099.63","7099.63","7099.63","7099.63","7280.05","46.21","56.03","52.70","7711.89"
"Tue Aug 06 2024 00:00:00 GMT+0530 (India Standard Time)","6947.21","6947.21","6947.21","6947.21","7283.45","43.90","54.78","51.06","7700.60"
"Wed Aug 07 2024 00:00:00 GMT+0530 (India Standard Time)","7198.17","7198.17","7198.17","7198.17","7292.40","48.37","56.42","53.52","7697.12"
"Thu Aug 08 2024 00:00:00 GMT+0530 (India Standard Time)","7157.03","7157.03","7157.03","7157.03","7304.27","47.72","56.08","53.07","7692.60"
"Fri Aug 09 2024 00:00:00 GMT+0530 (India Standard Time)","7228.49","7228.49","7228.49","7228.49","7315.28","48.98","56.54","53.76","7685.41"
"Mon Aug 12 2024 00:00:00 GMT+0530 (India Standard Time)","7149.60","7149.60","7149.60","7149.60","7326.38","47.65","55.88","52.87","7672.46"
"Tue Aug 13 2024 00:00:00 GMT+0530 (India Standard Time)","7026.21","7026.21","7026.21","7026.21","7334.08","45.61","54.86","51.51","7645.18"
"Wed Aug 14 2024 00:00:00 GMT+0530 (India Standard Time)","7019.48","7019.48","7019.48","7019.48","7335.54","45.50","54.80","51.43","7605.66"
"Fri Aug 16 2024 00:00:00 GMT+0530 (India Standard Time)","7147.24","7147.24","7147.24","7147.24","7360.19","48.03","55.67","52.77","7565.04"
"Mon Aug 19 2024 00:00:00 GMT+0530 (India Standard Time)","7097.52","7097.52","7097.52","7097.52","7384.67","47.13","55.25","52.19","7522.38"
"Tue Aug 20 2024 00:00:00 GMT+0530 (India Standard Time)","6989.88","6989.88","6989.88","6989.88","7400.12","45.22","54.34","50.96","7479.03"
"Wed Aug 21 2024 00:00:00 GMT+0530 (India Standard Time)","7043.39","7043.39","7043.39","7043.39","7413.55","46.36","54.72","51.54","7440.26"
"Thu Aug 22 2024 00:00:00 GMT+0530 (India Standard Time)","7026.52","7026.52","7026.52","7026.52","7426.11","46.04","54.58","51.34","7394.71"
"Fri Aug 23 2024 00:00:00 GMT+0530 (India Standard Time)","7083.03","7083.03","7083.03","7083.03","7438.35","47.30","54.98","51.98","7355.16"
"Mon Aug 26 2024 00:00:00 GMT+0530 (India Standard Time)","7054.23","7054.23","7054.23","7054.23","7449.02","46.72","54.73","51.63","7316.91"
"Tue Aug 27 2024 00:00:00 GMT+0530 (India Standard Time)","7002.92","7002.92","7002.92","7002.92","7453.19","45.66","54.28","50.99","7280.62"
"Wed Aug 28 2024 00:00:00 GMT+0530 (India Standard Time)","6964.44","6964.44","6964.44","6964.44","7450.49","44.86","53.93","50.51","7253.84"
"Thu Aug 29 2024 00:00:00 GMT+0530 (India Standard Time)","6850.85","6850.85","6850.85","6850.85","7438.18","42.55","52.94","49.10","7231.16"
"Fri Aug 30 2024 00:00:00 GMT+0530 (India Standard Time)","6928.69","6928.69","6928.69","6928.69","7432.15","44.61","53.54","50.08","7204.22"
"Mon Sep 02 2024 00:00:00 GMT+0530 (India Standard Time)","6920.53","6920.53","6920.53","6920.53","7426.14","44.43","53.46","49.97","7184.63"
"Tue Sep 03 2024 00:00:00 GMT+0530 (India Standard Time)","6993.85","6993.85","6993.85","6993.85","7424.22","46.41","54.03","50.92","7169.70"
"Wed Sep 04 2024 00:00:00 GMT+0530 (India Standard Time)","7091.01","7091.01","7091.01","7091.01","7421.99","48.94","54.78","52.15","7160.96"
"Thu Sep 05 2024 00:00:00 GMT+0530 (India Standard Time)","6980.61","6980.61","6980.61","6980.61","7416.68","46.33","53.77","50.66","7143.11"
"Fri Sep 06 2024 00:00:00 GMT+0530 (India Standard Time)","6856.74","6856.74","6856.74","6856.74","7408.55","43.59","52.66","49.05","7112.53"
"Mon Sep 09 2024 00:00:00 GMT+0530 (India Standard Time)","6764.71","6764.71","6764.71","6764.71","7397.93","41.67","51.84","47.89","7078.28"
"Tue Sep 10 2024 00:00:00 GMT+0530 (India Standard Time)","6813.26","6813.26","6813.26","6813.26","7388.52","43.06","52.24","48.55","7048.98"
"Wed Sep 11 2024 00:00:00 GMT+0530 (India Standard Time)","6790.15","6790.15","6790.15","6790.15","7375.72","42.55","52.03","48.25","7022.68"
"Thu Sep 12 2024 00:00:00 GMT+0530 (India Standard Time)","6843.39","6843.39","6843.39","6843.39","7362.35","44.14","52.47","49.00","7002.46"
"Fri Sep 13 2024 00:00:00 GMT+0530 (India Standard Time)","6844.81","6844.81","6844.81","6844.81","7343.44","44.19","52.49","49.02","6993.36"
"Mon Sep 16 2024 00:00:00 GMT+0530 (India Standard Time)","6788.45","6788.45","6788.45","6788.45","7316.70","42.80","51.96","48.24","6987.69"
"Tue Sep 17 2024 00:00:00 GMT+0530 (India Standard Time)","6682.52","6682.52","6682.52","6682.52","7284.65","40.31","50.98","46.80","6969.27"
"Wed Sep 18 2024 00:00:00 GMT+0530 (India Standard Time)","6623.65","6623.65","6623.65","6623.65","7251.29","38.99","50.45","46.02","6950.22"
"Thu Sep 19 2024 00:00:00 GMT+0530 (India Standard Time)","6454.41","6454.41","6454.41","6454.41","7216.30","35.48","48.94","43.85","6922.57"
"Fri Sep 20 2024 00:00:00 GMT+0530 (India Standard Time)","6671.77","6671.77","6671.77","6671.77","7187.16","42.47","50.86","47.14","6905.51"
"Mon Sep 23 2024 00:00:00 GMT+0530 (India Standard Time)","6707.43","6707.43","6707.43","6707.43","7155.27","43.52","51.17","47.66","6894.12"
"Tue Sep 24 2024 00:00:00 GMT+0530 (India Standard Time)","6730.38","6730.38","6730.38","6730.38","7126.07","44.22","51.37","48.00","6883.80"
"Wed Sep 25 2024 00:00:00 GMT+0530 (India Standard Time)","6708.73","6708.73","6708.73","6708.73","7097.73","43.69","51.17","47.70","6868.14"
"Thu Sep 26 2024 00:00:00 GMT+0530 (India Standard Time)","6685.32","6685.32","6685.32","6685.32","7071.06","43.10","50.95","47.37","6853.42"
"Fri Sep 27 2024 00:00:00 GMT+0530 (India Standard Time)","6716.48","6716.48","6716.48","6716.48","7051.10","44.15","51.23","47.86","6843.65"
"Mon Sep 30 2024 00:00:00 GMT+0530 (India Standard Time)","6658.36","6658.36","6658.36","6658.36","7034.55","42.61","50.68","47.02","6829.90"
"Tue Oct 01 2024 00:00:00 GMT+0530 (India Standard Time)","6620.53","6620.53","6620.53","6620.53","7013.30","41.62","50.31","46.48","6815.40"
"Thu Oct 03 2024 00:00:00 GMT+0530 (India Standard Time)","6493.17","6493.17","6493.17","6493.17","6993.79","38.47","49.12","44.68","6794.34"
"Fri Oct 04 2024 00:00:00 GMT+0530 (India Standard Time)","6426.97","6426.97","6426.97","6426.97","6974.09","36.94","48.50","43.77","6771.93"
"Mon Oct 07 2024 00:00:00 GMT+0530 (India Standard Time)","6236.73","6236.73","6236.73","6236.73","6952.11","32.98","46.80","41.30","6744.57"
"Tue Oct 08 2024 00:00:00 GMT+0530 (India Standard Time)","6521.73","6521.73","6521.73","6521.73","6932.94","42.64","49.51","46.00","6728.76"
"Wed Oct 09 2024 00:00:00 GMT+0530 (India Standard Time)","6569.48","6569.48","6569.48","6569.48","6910.07","44.06","49.94","46.74","6718.71"
"Thu Oct 10 2024 00:00:00 GMT+0530 (India Standard Time)","6754.02","6754.02","6754.02","6754.02","6890.67","49.17","51.58","49.47","6712.47"
"Fri Oct 11 2024 00:00:00 GMT+0530 (India Standard Time)","6718.34","6718.34","6718.34","6718.34","6872.36","48.27","51.25","48.97","6705.25"
"Mon Oct 14 2024 00:00:00 GMT+0530 (India Standard Time)","6685.48","6685.48","6685.48","6685.48","6855.55","47.44","50.94","48.51","6694.24"
"Tue Oct 15 2024 00:00:00 GMT+0530 (India Standard Time)","6790.97","6790.97","6790.97","6790.97","6843.17","50.33","51.88","50.07","6683.52"
"Wed Oct 16 2024 00:00:00 GMT+0530 (India Standard Time)","6766.51","6766.51","6766.51","6766.51","6836.51","49.66","51.65","49.71","6675.87"
"Thu Oct 17 2024 00:00:00 GMT+0530 (India Standard Time)","6622.22","6622.22","6622.22","6622.22","6830.01","45.90","50.29","47.63","6667.50"
"Fri Oct 18 2024 00:00:00 GMT+0530 (India Standard Time)","6679.02","6679.02","6679.02","6679.02","6819.63","47.55","50.81","48.50","6664.44"
"Mon Oct 21 2024 00:00:00 GMT+0530 (India Standard Time)","6608.79","6608.79","6608.79","6608.79","6808.66","45.74","50.15","47.50","6657.14"
"Tue Oct 22 2024 00:00:00 GMT+0530 (India Standard Time)","6262.31","6262.31","6262.31","6262.31","6789.34","38.24","47.08","42.98","6638.28"
"Wed Oct 23 2024 00:00:00 GMT+0530 (India Standard Time)","6236.78","6236.78","6236.78","6236.78","6771.08","37.76","46.87","42.67","6616.62"
"Thu Oct 24 2024 00:00:00 GMT+0530 (India Standard Time)","6187.07","6187.07","6187.07","6187.07","6754.30","36.81","46.45","42.07","6593.13"
"Fri Oct 25 2024 00:00:00 GMT+0530 (India Standard Time)","6097.51","6097.51","6097.51","6097.51","6735.86","35.15","45.69","40.99","6568.45"
"Mon Oct 28 2024 00:00:00 GMT+0530 (India Standard Time)","6088.47","6088.47","6088.47","6088.47","6714.68","34.99","45.62","40.88","6547.24"
"Tue Oct 29 2024 00:00:00 GMT+0530 (India Standard Time)","6221.24","6221.24","6221.24","6221.24","6697.16","39.43","46.94","43.16","6532.87"
"Wed Oct 30 2024 00:00:00 GMT+0530 (India Standard Time)","6348.36","6348.36","6348.36","6348.36","6684.33","43.33","48.16","45.23","6529.08"
"Thu Oct 31 2024 00:00:00 GMT+0530 (India Standard Time)","6347.40","6347.40","6347.40","6347.40","6670.41","43.31","48.15","45.21","6517.49"
"Fri Nov 01 2024 00:00:00 GMT+0530 (India Standard Time)","6422.25","6422.25","6422.25","6422.25","6658.32","45.58","48.87","46.43","6507.31"
"Mon Nov 04 2024 00:00:00 GMT+0530 (India Standard Time)","6249.19","6249.19","6249.19","6249.19","6641.64","41.54","47.33","44.10","6490.12"
"Tue Nov 05 2024 00:00:00 GMT+0530 (India Standard Time)","6304.64","6304.64","6304.64","6304.64","6626.65","43.23","47.87","45.01","6475.69"
"Wed Nov 06 2024 00:00:00 GMT+0530 (India Standard Time)","6514.88","6514.88","6514.88","6514.88","6616.89","49.10","49.85","48.29","6469.60"
"Thu Nov 07 2024 00:00:00 GMT+0530 (India Standard Time)","6491.95","6491.95","6491.95","6491.95","6607.44","48.53","49.64","47.97","6461.58"
"Fri Nov 08 2024 00:00:00 GMT+0530 (India Standard Time)","6384.33","6384.33","6384.33","6384.33","6598.11","45.88","48.66","46.48","6451.80"
"Mon Nov 11 2024 00:00:00 GMT+0530 (India Standard Time)","6349.45","6437.85","6291.70","6358.00","6586.77","45.25","48.42","46.12","6442.58"
"Tue Nov 12 2024 00:00:00 GMT+0530 (India Standard Time)","6392.10","6403.25","6197.85","6217.20","6573.53","41.99","47.17","44.23","6434.71"
"Wed Nov 13 2024 00:00:00 GMT+0530 (India Standard Time)","6181.05","6184.40","5964.20","5979.60","6554.19","37.24","45.16","41.30","6420.99"
"Thu Nov 14 2024 00:00:00 GMT+0530 (India Standard Time)","6012.55","6108.60","5927.80","6042.75","6532.98","39.16","45.79","42.34","6413.48"
"Mon Nov 18 2024 00:00:00 GMT+0530 (India Standard Time)","6099.95","6154.40","5958.30","5977.70","6513.71","37.91","45.25","41.56","6395.92"
"Tue Nov 19 2024 00:00:00 GMT+0530 (India Standard Time)","6038.70","6148.45","6027.10","6079.95","6498.25","41.02","46.26","43.26","6378.62"
"Thu Nov 21 2024 00:00:00 GMT+0530 (India Standard Time)","6075.50","6076.35","5936.55","5992.35","6482.95","39.25","45.52","42.18","6351.76"
"Fri Nov 22 2024 00:00:00 GMT+0530 (India Standard Time)","6006.95","6086.60","5988.10","6062.00","6467.68","41.37","46.22","43.33","6327.73"
"Mon Nov 25 2024 00:00:00 GMT+0530 (India Standard Time)","6232.90","6319.60","6216.70","6253.35","6457.09","46.72","48.07","46.37","6312.65"
"Tue Nov 26 2024 00:00:00 GMT+0530 (India Standard Time)","6294.30","6434.35","6287.65","6384.90","6447.68","50.01","49.29","48.32","6297.58"
"Wed Nov 27 2024 00:00:00 GMT+0530 (India Standard Time)","6418.45","6612.25","6400.55","6594.20","6441.79","54.69","51.14","51.23","6289.33"
"Thu Nov 28 2024 00:00:00 GMT+0530 (India Standard Time)","6642.10","6744.80","6623.60","6702.10","6439.88","56.88","52.07","52.65","6291.76"
"Fri Nov 29 2024 00:00:00 GMT+0530 (India Standard Time)","6708.60","6742.05","6642.40","6706.75","6440.22","56.97","52.11","52.71","6292.40"
"Mon Dec 02 2024 00:00:00 GMT+0530 (India Standard Time)","6717.65","6792.90","6699.10","6720.10","6442.41","57.25","52.22","52.89","6296.99"
"Tue Dec 03 2024 00:00:00 GMT+0530 (India Standard Time)","6848.60","6853.90","6726.40","6768.15","6448.91","58.28","52.64","53.54","6315.58"
"Wed Dec 04 2024 00:00:00 GMT+0530 (India Standard Time)","6879.85","6913.95","6811.90","6867.70","6452.78","60.36","53.50","54.86","6338.00"
"Thu Dec 05 2024 00:00:00 GMT+0530 (India Standard Time)","6887.20","6910.45","6824.60","6899.40","6456.30","61.00","53.77","55.28","6362.68"
"Fri Dec 06 2024 00:00:00 GMT+0530 (India Standard Time)","6917.50","6950.30","6876.20","6898.70","6459.81","60.98","53.77","55.27","6391.65"
"Mon Dec 09 2024 00:00:00 GMT+0530 (India Standard Time)","6903.60","6976.90","6891.05","6951.20","6464.49","62.11","54.23","55.99","6422.05"
"Tue Dec 10 2024 00:00:00 GMT+0530 (India Standard Time)","6977.30","6989.20","6889.15","6930.85","6469.48","61.39","54.01","55.63","6447.59"
"Wed Dec 11 2024 00:00:00 GMT+0530 (India Standard Time)","6933.05","6979.65","6908.45","6960.70","6474.20","62.07","54.28","56.05","6469.06"
"Thu Dec 12 2024 00:00:00 GMT+0530 (India Standard Time)","6963.05","7023.50","6924.90","6953.00","6480.30","61.77","54.20","55.91","6491.19"
"Fri Dec 13 2024 00:00:00 GMT+0530 (India Standard Time)","6978.55","6978.55","6848.70","6927.05","6486.30","60.75","53.92","55.43","6508.90"
"Mon Dec 16 2024 00:00:00 GMT+0530 (India Standard Time)","6959.25","7025.70","6945.90","7021.30","6496.51","63.08","54.79","56.82","6535.63"
"Tue Dec 17 2024 00:00:00 GMT+0530 (India Standard Time)","7032.45","7075.65","6995.85","7022.80","6508.55","63.12","54.80","56.84","6561.59"
"Wed Dec 18 2024 00:00:00 GMT+0530 (India Standard Time)","7017.05","7017.30","6809.45","6847.70","6521.43","56.28","52.88","53.56","6575.04"
"Thu Dec 19 2024 00:00:00 GMT+0530 (India Standard Time)","6679.00","6803.30","6667.95","6763.75","6525.99","53.37","51.99","52.08","6584.08"
"Fri Dec 20 2024 00:00:00 GMT+0530 (India Standard Time)","6782.75","6815.85","6559.30","6573.55","6527.21","47.53","50.05","48.93","6593.55"
"Mon Dec 23 2024 00:00:00 GMT+0530 (India Standard Time)","6664.35","6670.80","6444.65","6555.20","6523.26","47.00","49.86","48.64","6600.49"
"Tue Dec 24 2024 00:00:00 GMT+0530 (India Standard Time)","6583.40","6667.45","6538.35","6599.85","6520.92","48.45","50.31","49.40","6612.25"
"Thu Dec 26 2024 00:00:00 GMT+0530 (India Standard Time)","6606.45","6633.15","6563.70","6592.55","6519.12","48.22","50.24","49.27","6632.02"
"Fri Dec 27 2024 00:00:00 GMT+0530 (India Standard Time)","6607.35","6653.60","6538.15","6607.15","6515.33","48.73","50.39","49.53","6652.50"
"Mon Dec 30 2024 00:00:00 GMT+0530 (India Standard Time)","6599.85","6603.80","6377.90","6405.85","6508.97","42.73","48.34","46.22","6667.94"
"Tue Dec 31 2024 00:00:00 GMT+0530 (India Standard Time)","6407.35","6504.10","6367.85","6493.85","6505.82","45.79","49.26","47.79","6681.16"
"Wed Jan 01 2025 00:00:00 GMT+0530 (India Standard Time)","6494.60","6563.60","6478.55","6541.60","6502.87","47.39","49.75","48.63","6699.95"
"Thu Jan 02 2025 00:00:00 GMT+0530 (India Standard Time)","6559.15","6602.70","6540.65","6579.60","6502.20","48.66","50.15","49.29","6718.83"
"Fri Jan 03 2025 00:00:00 GMT+0530 (India Standard Time)","6592.85","6651.00","6553.35","6561.15","6508.59","48.07","49.95","48.97","6730.45"
"Mon Jan 06 2025 00:00:00 GMT+0530 (India Standard Time)","6574.35","6576.05","6313.45","6340.25","6511.71","41.71","47.71","45.38","6731.91"
"Tue Jan 07 2025 00:00:00 GMT+0530 (India Standard Time)","6345.55","6489.15","6338.65","6463.40","6516.74","45.90","49.01","47.59","6728.15"
"Wed Jan 08 2025 00:00:00 GMT+0530 (India Standard Time)","6481.15","6489.40","6346.60","6388.45","6522.85","43.88","48.26","46.41","6718.08"
"Thu Jan 09 2025 00:00:00 GMT+0530 (India Standard Time)","6390.75","6450.95","6348.30","6409.30","6529.17","44.59","48.48","46.79","6707.57"
"Fri Jan 10 2025 00:00:00 GMT+0530 (India Standard Time)","6390.55","6395.60","6206.05","6254.25","6530.30","40.58","46.96","44.41","6691.43"
"Mon Jan 13 2025 00:00:00 GMT+0530 (India Standard Time)","6145.05","6184.50","5844.60","5889.80","6522.37","33.20","43.68","39.55","6662.50"
"Tue Jan 14 2025 00:00:00 GMT+0530 (India Standard Time)","5936.90","6099.10","5882.15","6078.00","6516.11","39.19","45.68","42.87","6632.33"
"Wed Jan 15 2025 00:00:00 GMT+0530 (India Standard Time)","6120.70","6146.70","6034.15","6066.35","6509.23","38.97","45.57","42.72","6603.91"
"Thu Jan 16 2025 00:00:00 GMT+0530 (India Standard Time)","6161.70","6246.65","6144.15","6224.70","6508.45","43.63","47.20","45.38","6578.80"
"Fri Jan 17 2025 00:00:00 GMT+0530 (India Standard Time)","6235.15","6421.70","6194.75","6400.00","6509.44","48.23","48.93","48.13","6557.34"
"Mon Jan 20 2025 00:00:00 GMT+0530 (India Standard Time)","6438.15","6582.00","6394.10","6531.45","6509.34","51.36","50.17","50.06","6541.84"
"Tue Jan 21 2025 00:00:00 GMT+0530 (India Standard Time)","6553.10","6578.45","6340.25","6355.75","6507.65","47.35","48.56","47.62","6523.10"
"Wed Jan 22 2025 00:00:00 GMT+0530 (India Standard Time)","6369.00","6369.50","6025.90","6134.80","6503.29","42.92","46.65","44.79","6494.87"
"Thu Jan 23 2025 00:00:00 GMT+0530 (India Standard Time)","6116.50","6288.35","6085.95","6208.20","6500.02","44.72","47.35","45.89","6469.02"
"Fri Jan 24 2025 00:00:00 GMT+0530 (India Standard Time)","6226.60","6275.25","6073.90","6104.80","6497.63","42.73","46.47","44.61","6438.79"
"Mon Jan 27 2025 00:00:00 GMT+0530 (India Standard Time)","6041.10","6041.10","5828.20","5884.30","6495.28","38.84","44.68","42.03","6399.02"
"Tue Jan 28 2025 00:00:00 GMT+0530 (India Standard Time)","5894.05","5930.05","5609.15","5837.70","6490.75","38.08","44.31","41.50","6359.76"
"Wed Jan 29 2025 00:00:00 GMT+0530 (India Standard Time)","5855.05","6017.75","5851.05","6003.40","6489.78","42.33","45.92","44.05","6331.64"
"Thu Jan 30 2025 00:00:00 GMT+0530 (India Standard Time)","6075.75","6182.65","6038.40","6143.95","6490.65","45.66","47.24","46.09","6312.78"
"Fri Jan 31 2025 00:00:00 GMT+0530 (India Standard Time)","6193.95","6418.95","6163.45","6394.15","6497.52","50.95","49.48","49.47","6304.52"
"Sat Feb 01 2025 00:00:00 GMT+0530 (India Standard Time)","6445.75","6554.65","6046.75","6197.95","6501.51","47.17","47.86","47.09","6292.54"
"Mon Feb 03 2025 00:00:00 GMT+0530 (India Standard Time)","6114.20","6116.90","5854.70","5884.70","6495.00","41.95","45.44","43.64","6269.53"
"Tue Feb 04 2025 00:00:00 GMT+0530 (India Standard Time)","5945.75","6038.00","5912.50","6022.65","6487.52","44.77","46.65","45.45","6247.79"
"Wed Feb 05 2025 00:00:00 GMT+0530 (India Standard Time)","6065.75","6162.80","6057.65","6082.55","6478.44","45.97","47.17","46.22","6234.88"
"Thu Feb 06 2025 00:00:00 GMT+0530 (India Standard Time)","6111.10","6122.45","5951.65","5963.30","6464.58","43.98","46.26","44.92","6219.06"
"Fri Feb 07 2025 00:00:00 GMT+0530 (India Standard Time)","5960.20","5982.05","5870.35","5946.70","6449.32","43.70","46.13","44.74","6197.82"
"Mon Feb 10 2025 00:00:00 GMT+0530 (India Standard Time)","5956.55","6024.30","5856.65","5892.85","6432.99","42.78","45.72","44.15","6174.61"
"Tue Feb 11 2025 00:00:00 GMT+0530 (India Standard Time)","5896.65","5904.55","5652.60","5686.55","6412.06","39.45","44.18","41.96","6144.59"
"Wed Feb 12 2025 00:00:00 GMT+0530 (India Standard Time)","5675.60","5675.60","5417.45","5618.65","6386.41","38.41","43.69","41.27","6114.62"
"Thu Feb 13 2025 00:00:00 GMT+0530 (India Standard Time)","5630.55","5785.95","5624.60","5642.55","6362.22","39.00","43.91","41.62","6087.97"
"Fri Feb 14 2025 00:00:00 GMT+0530 (India Standard Time)","5682.75","5713.40","5382.65","5438.20","6333.96","35.91","42.44","39.56","6055.95"
"Mon Feb 17 2025 00:00:00 GMT+0530 (India Standard Time)","5378.45","5401.00","5250.25","5285.75","6301.22","33.81","41.39","38.11","6017.00"
"Tue Feb 18 2025 00:00:00 GMT+0530 (India Standard Time)","5288.00","5298.35","5073.35","5129.95","6265.68","31.81","40.35","36.69","5977.07"
"Wed Feb 19 2025 00:00:00 GMT+0530 (India Standard Time)","5085.25","5399.75","5050.50","5344.90","6232.33","37.19","42.39","39.86","5951.79"
"Thu Feb 20 2025 00:00:00 GMT+0530 (India Standard Time)","5317.05","5434.70","5283.90","5415.70","6200.81","38.85","43.04","40.86","5928.87"
"Fri Feb 21 2025 00:00:00 GMT+0530 (India Standard Time)","5402.90","5501.65","5320.30","5349.00","6170.00","37.86","42.58","40.21","5904.15"
"Mon Feb 24 2025 00:00:00 GMT+0530 (India Standard Time)","5284.80","5411.15","5228.45","5357.35","6136.70","38.07","42.66","40.33","5872.98"
"Tue Feb 25 2025 00:00:00 GMT+0530 (India Standard Time)","5355.90","5406.40","5319.75","5333.85","6103.09","37.69","42.49","40.10","5837.78"
"Thu Feb 27 2025 00:00:00 GMT+0530 (India Standard Time)","5341.85","5356.60","5246.30","5263.35","6071.12","36.56","41.99","39.38","5794.43"
"Fri Feb 28 2025 00:00:00 GMT+0530 (India Standard Time)","5191.75","5235.35","5074.35","5131.80","6039.00","34.54","41.07","38.08","5748.80"
"Mon Mar 03 2025 00:00:00 GMT+0530 (India Standard Time)","5160.30","5233.75","5025.35","5211.05","6009.79","36.76","41.85","39.32","5712.37"
"Tue Mar 04 2025 00:00:00 GMT+0530 (India Standard Time)","5154.10","5405.30","5134.40","5339.75","5984.76","40.21","43.10","41.29","5680.20"
"Wed Mar 05 2025 00:00:00 GMT+0530 (India Standard Time)","5350.45","5497.95","5329.55","5489.30","5961.76","43.95","44.50","43.48","5654.75"
"Thu Mar 06 2025 00:00:00 GMT+0530 (India Standard Time)","5550.15","5607.40","5477.90","5517.00","5940.45","44.62","44.76","43.88","5641.05"
"Fri Mar 07 2025 00:00:00 GMT+0530 (India Standard Time)","5528.70","5703.20","5495.40","5680.40","5921.21","48.46","46.26","46.19","5635.12"
"Mon Mar 10 2025 00:00:00 GMT+0530 (India Standard Time)","5695.20","5768.40","5613.20","5633.35","5905.49","47.46","45.89","45.63","5624.91"
"Tue Mar 11 2025 00:00:00 GMT+0530 (India Standard Time)","5573.35","5643.50","5525.40","5608.55","5888.12","46.93","45.70","45.34","5606.01"
"Wed Mar 12 2025 00:00:00 GMT+0530 (India Standard Time)","5635.25","5666.80","5546.35","5587.25","5869.43","46.46","45.53","45.08","5580.11"
"Thu Mar 13 2025 00:00:00 GMT+0530 (India Standard Time)","5649.85","5746.35","5595.60","5655.90","5851.19","48.21","46.18","46.09","5558.66"
"Mon Mar 17 2025 00:00:00 GMT+0530 (India Standard Time)","5674.00","5738.80","5633.30","5661.80","5833.03","48.37","46.24","46.18","5548.87"
"Tue Mar 18 2025 00:00:00 GMT+0530 (India Standard Time)","5712.10","5795.10","5687.35","5783.60","5820.43","51.47","47.39","47.98","5540.45"
"Wed Mar 19 2025 00:00:00 GMT+0530 (India Standard Time)","5808.35","6109.15","5802.25","6064.00","5811.85","57.63","49.91","51.81","5536.55"
"Thu Mar 20 2025 00:00:00 GMT+0530 (India Standard Time)","6145.30","6186.20","6024.85","6172.75","5806.57","59.71","50.83","53.18","5540.68"
"Fri Mar 21 2025 00:00:00 GMT+0530 (India Standard Time)","6224.20","6266.25","6177.85","6248.00","5803.18","61.10","51.47","54.11","5551.31"
"Mon Mar 24 2025 00:00:00 GMT+0530 (India Standard Time)","6315.60","6480.35","6308.10","6460.75","5806.18","64.71","53.20","56.62","5568.87"
"Tue Mar 25 2025 00:00:00 GMT+0530 (India Standard Time)","6540.10","6551.70","6323.65","6342.75","5814.94","61.39","52.15","54.91","5592.38"
"Wed Mar 26 2025 00:00:00 GMT+0530 (India Standard Time)","6358.50","6473.25","6297.00","6376.65","5821.88","61.98","52.43","55.31","5621.37"
"Thu Mar 27 2025 00:00:00 GMT+0530 (India Standard Time)","6360.45","6457.25","6342.65","6370.60","5828.01","61.80","52.37","55.22","5646.58"
"Fri Mar 28 2025 00:00:00 GMT+0530 (India Standard Time)","6421.95","6507.70","6377.70","6393.90","5832.18","62.24","52.56","55.50","5679.25"
"Tue Apr 01 2025 00:00:00 GMT+0530 (India Standard Time)","6465.45","6550.30","6320.40","6336.05","5832.81","60.44","52.03","54.61","5718.18"
"Wed Apr 02 2025 00:00:00 GMT+0530 (India Standard Time)","6343.85","6350.55","6191.75","6332.05","5828.65","60.32","51.99","54.55","5758.33"
"Thu Apr 03 2025 00:00:00 GMT+0530 (India Standard Time)","6293.80","6476.40","6287.50","6463.60","5828.95","62.98","53.12","56.24","5799.19"
"Fri Apr 04 2025 00:00:00 GMT+0530 (India Standard Time)","6409.65","6433.40","6199.35","6260.45","5831.40","56.79","51.23","53.11","5832.04"
"Mon Apr 07 2025 00:00:00 GMT+0530 (India Standard Time)","5644.85","6024.10","5644.50","5972.10","5825.51","49.54","48.72","49.11","5849.53"
"Tue Apr 08 2025 00:00:00 GMT+0530 (India Standard Time)","6148.05","6200.10","6011.85","6118.00","5824.95","52.74","49.98","51.03","5877.31"
"Wed Apr 09 2025 00:00:00 GMT+0530 (India Standard Time)","6105.55","6134.15","5995.20","6105.80","5828.47","52.45","49.87","50.86","5903.20"
"Fri Apr 11 2025 00:00:00 GMT+0530 (India Standard Time)","6222.75","6299.25","6199.25","6268.70","5837.57","55.88","51.26","52.95","5937.74"
"Tue Apr 15 2025 00:00:00 GMT+0530 (India Standard Time)","6392.10","6552.75","6355.55","6541.75","5848.15","60.86","53.46","56.16","5985.46"
"Wed Apr 16 2025 00:00:00 GMT+0530 (India Standard Time)","6557.45","6636.30","6507.90","6587.00","5857.20","61.61","53.81","56.66","6036.18"
"Thu Apr 17 2025 00:00:00 GMT+0530 (India Standard Time)","6585.25","6649.60","6559.75","6603.05","5862.42","61.88","53.93","56.84","6083.01"
"Mon Apr 21 2025 00:00:00 GMT+0530 (India Standard Time)","6644.65","6771.70","6631.15","6738.50","5871.84","64.15","54.98","58.35","6128.54"
"Tue Apr 22 2025 00:00:00 GMT+0530 (India Standard Time)","6775.15","6815.55","6731.70","6794.20","5888.81","65.04","55.41","58.96","6173.05"
"Wed Apr 23 2025 00:00:00 GMT+0530 (India Standard Time)","6849.15","6904.30","6737.40","6840.35","5905.44","65.78","55.76","59.46","6215.94"
"Thu Apr 24 2025 00:00:00 GMT+0530 (India Standard Time)","6846.10","6906.35","6808.95","6829.85","5920.39","65.45","55.66","59.29","6257.97"
"Fri Apr 25 2025 00:00:00 GMT+0530 (India Standard Time)","6841.50","6870.05","6539.15","6640.65","5933.84","59.74","53.85","56.31","6296.93"
"Mon Apr 28 2025 00:00:00 GMT+0530 (India Standard Time)","6623.95","6957.15","6621.80","6912.90","5952.13","64.43","55.95","59.34","6340.87"
"Tue Apr 29 2025 00:00:00 GMT+0530 (India Standard Time)","6962.80","7293.35","6954.20","7260.60","5977.64","69.24","58.41","62.74","6394.57"
"Wed Apr 30 2025 00:00:00 GMT+0530 (India Standard Time)","7298.00","7352.25","7086.95","7128.80","6006.48","65.70","57.18","60.76","6448.54"
"Fri May 02 2025 00:00:00 GMT+0530 (India Standard Time)","7120.80","7192.55","7025.30","7038.45","6036.30","63.37","56.35","59.43","6496.05"
"Mon May 05 2025 00:00:00 GMT+0530 (India Standard Time)","7087.00","7174.50","7030.85","7163.70","6065.49","65.17","57.22","60.66","6536.45"
"Tue May 06 2025 00:00:00 GMT+0530 (India Standard Time)","7176.75","7251.30","6989.15","7010.70","6096.93","61.31","55.83","58.45","6570.58"
"Wed May 07 2025 00:00:00 GMT+0530 (India Standard Time)","6912.80","7147.25","6878.80","6939.95","6130.35","59.60","55.20","57.45","6597.65"
"Thu May 08 2025 00:00:00 GMT+0530 (India Standard Time)","6981.45","7059.65","6848.35","6879.50","6165.53","58.14","54.66","56.60","6615.97"
"Fri May 09 2025 00:00:00 GMT+0530 (India Standard Time)","6816.30","7134.55","6816.30","7088.95","6200.47","61.56","56.17","58.77","6637.65"
"Mon May 12 2025 00:00:00 GMT+0530 (India Standard Time)","7299.55","7301.25","7089.85","7138.35","6236.06","62.32","56.51","59.26","6666.02"
"Tue May 13 2025 00:00:00 GMT+0530 (India Standard Time)","7160.25","7465.00","7155.95","7432.40","6275.89","66.48","58.51","62.04","6700.34"
"Wed May 14 2025 00:00:00 GMT+0530 (India Standard Time)","7553.15","7777.60","7512.30","7667.25","6322.24","69.32","60.00","64.06","6744.12"
"Thu May 15 2025 00:00:00 GMT+0530 (India Standard Time)","7750.15","7882.10","7667.85","7868.50","6371.70","71.49","61.22","65.67","6794.26"
"Fri May 16 2025 00:00:00 GMT+0530 (India Standard Time)","7921.60","8377.25","7890.55","8309.15","6430.48","75.48","63.68","68.81","6862.15"
"Mon May 19 2025 00:00:00 GMT+0530 (India Standard Time)","8462.55","8555.50","8180.25","8204.75","6493.34","72.94","62.72","67.31","6930.16"
"Tue May 20 2025 00:00:00 GMT+0530 (India Standard Time)","8253.45","8297.10","7974.35","8009.70","6551.39","68.42","60.97","64.60","6994.30"
"Wed May 21 2025 00:00:00 GMT+0530 (India Standard Time)","8006.65","8295.65","7950.95","8282.65","6609.36","71.06","62.46","66.54","7076.31"
"Thu May 22 2025 00:00:00 GMT+0530 (India Standard Time)","8287.30","8468.80","8253.50","8453.75","6668.48","72.56","63.36","67.68","7157.81"
"Fri May 23 2025 00:00:00 GMT+0530 (India Standard Time)","8526.30","8558.15","8361.35","8454.95","6727.03","72.57","63.36","67.69","7242.80"
"Mon May 26 2025 00:00:00 GMT+0530 (India Standard Time)","8483.40","8594.00","8449.50","8554.25","6784.99","73.45","63.88","68.35","7324.12"
"Tue May 27 2025 00:00:00 GMT+0530 (India Standard Time)","8567.95","8728.20","8531.35","8645.25","6844.50","74.25","64.35","68.95","7400.96"
"Wed May 28 2025 00:00:00 GMT+0530 (India Standard Time)","8643.55","8775.00","8603.10","8724.15","6906.70","74.94","64.75","69.47","7476.80"
"Thu May 29 2025 00:00:00 GMT+0530 (India Standard Time)","8779.55","8829.80","8726.00","8787.45","6970.41","75.49","65.08","69.88","7554.55"
"Fri May 30 2025 00:00:00 GMT+0530 (India Standard Time)","8749.70","8822.75","8664.85","8685.60","7031.44","72.79","64.11","68.35","7626.36"
"Mon Jun 02 2025 00:00:00 GMT+0530 (India Standard Time)","8686.70","8724.95","8613.45","8696.15","7091.61","72.90","64.17","68.42","7694.14"
"Tue Jun 03 2025 00:00:00 GMT+0530 (India Standard Time)","8717.20","8861.10","8710.45","8793.10","7152.16","73.87","64.68","69.10","7764.17"
"Wed Jun 04 2025 00:00:00 GMT+0530 (India Standard Time)","8837.20","8999.80","8796.00","8868.55","7209.62","74.62","65.08","69.63","7837.01"
"Thu Jun 05 2025 00:00:00 GMT+0530 (India Standard Time)","8934.55","9101.70","8846.90","9073.90","7267.32","76.54","66.14","71.00","7920.02"
"Fri Jun 06 2025 00:00:00 GMT+0530 (India Standard Time)","9135.40","9195.15","8907.15","8919.20","7322.32","72.22","64.64","68.59","7997.76"
"Mon Jun 09 2025 00:00:00 GMT+0530 (India Standard Time)","8965.95","8985.35","8891.90","8900.60","7372.17","71.71","64.46","68.31","8060.49"
"Tue Jun 10 2025 00:00:00 GMT+0530 (India Standard Time)","8963.10","9039.85","8941.80","8995.85","7424.23","72.75","64.97","68.99","8124.89"
"Wed Jun 11 2025 00:00:00 GMT+0530 (India Standard Time)","9025.60","9031.55","8744.75","8811.85","7473.61","67.72","63.19","66.16","8188.36"
"Thu Jun 12 2025 00:00:00 GMT+0530 (India Standard Time)","8823.20","8889.40","8646.15","8660.60","7520.19","63.90","61.78","63.94","8245.83"
"Fri Jun 13 2025 00:00:00 GMT+0530 (India Standard Time)","8500.60","8893.70","8466.65","8791.60","7566.54","65.66","62.52","64.99","8304.17"
"Mon Jun 16 2025 00:00:00 GMT+0530 (India Standard Time)","8827.90","8899.15","8659.75","8864.55","7615.27","66.61","62.93","65.56","8369.14"
"Tue Jun 17 2025 00:00:00 GMT+0530 (India Standard Time)","8889.55","9009.35","8854.15","8898.55","7667.54","67.06","63.12","65.83","8440.27"
"Wed Jun 18 2025 00:00:00 GMT+0530 (India Standard Time)","8915.65","8948.90","8826.95","8857.80","7716.54","65.95","62.72","65.20","8506.86"
"Thu Jun 19 2025 00:00:00 GMT+0530 (India Standard Time)","8866.05","8971.15","8651.05","8723.80","7766.12","62.39","61.45","63.18","8564.20"
"Fri Jun 20 2025 00:00:00 GMT+0530 (India Standard Time)","8740.70","8903.70","8659.60","8888.45","7824.76","64.84","62.41","64.57","8616.56"
"Mon Jun 23 2025 00:00:00 GMT+0530 (India Standard Time)","8901.85","9123.10","8891.20","9078.30","7883.37","67.41","63.47","66.09","8665.79"
"Tue Jun 24 2025 00:00:00 GMT+0530 (India Standard Time)","9157.50","9159.55","8840.75","8858.55","7940.26","61.91","61.42","62.88","8706.75"
"Wed Jun 25 2025 00:00:00 GMT+0530 (India Standard Time)","8884.20","8884.40","8662.35","8681.15","7989.62","57.90","59.83","60.44","8726.41"
"Thu Jun 26 2025 00:00:00 GMT+0530 (India Standard Time)","8726.85","8806.90","8660.05","8713.35","8034.13","58.41","60.02","60.72","8741.16"
"Fri Jun 27 2025 00:00:00 GMT+0530 (India Standard Time)","8740.55","8813.40","8729.85","8788.35","8078.14","59.62","60.47","61.39","8765.57"
"Mon Jun 30 2025 00:00:00 GMT+0530 (India Standard Time)","8845.05","8913.85","8800.95","8870.40","8123.34","60.91","60.95","62.11","8790.05"
"Tue Jul 01 2025 00:00:00 GMT+0530 (India Standard Time)","8914.55","9022.25","8882.70","8910.25","8167.57","61.55","61.19","62.46","8809.56"
"Wed Jul 02 2025 00:00:00 GMT+0530 (India Standard Time)","8919.10","8934.80","8782.00","8863.60","8209.11","60.35","60.75","61.77","8823.92"
"Thu Jul 03 2025 00:00:00 GMT+0530 (India Standard Time)","8870.65","8921.20","8817.35","8856.60","8249.76","60.16","60.69","61.67","8835.79"
"Fri Jul 04 2025 00:00:00 GMT+0530 (India Standard Time)","8921.35","9018.80","8915.35","8940.45","8291.96","61.64","61.20","62.45","8847.34"
"Mon Jul 07 2025 00:00:00 GMT+0530 (India Standard Time)","8946.60","8952.30","8810.15","8844.60","8335.76","59.02","60.28","60.98","8853.35"
"Tue Jul 08 2025 00:00:00 GMT+0530 (India Standard Time)","8844.65","8915.55","8765.40","8843.40","8375.58","58.98","60.27","60.96","8855.51"
"Wed Jul 09 2025 00:00:00 GMT+0530 (India Standard Time)","8857.05","8918.65","8840.75","8860.25","8409.13","59.32","60.38","61.13","8860.82"
"Thu Jul 10 2025 00:00:00 GMT+0530 (India Standard Time)","8866.45","8878.65","8649.40","8680.75","8440.10","54.35","58.64","58.35","8862.89"
"Fri Jul 11 2025 00:00:00 GMT+0530 (India Standard Time)","8653.95","8691.35","8480.45","8512.30","8469.61","50.21","57.07","55.89","8854.79"
"Mon Jul 14 2025 00:00:00 GMT+0530 (India Standard Time)","8486.00","8497.95","8399.55","8439.85","8495.83","48.54","56.41","54.87","8839.00"
"Tue Jul 15 2025 00:00:00 GMT+0530 (India Standard Time)","8461.35","8536.00","8449.85","8477.15","8524.22","49.45","56.68","55.30","8820.43"
"Wed Jul 16 2025 00:00:00 GMT+0530 (India Standard Time)","8491.40","8501.00","8422.95","8436.90","8553.68","48.47","56.30","54.72","8800.66"
"Thu Jul 17 2025 00:00:00 GMT+0530 (India Standard Time)","8446.05","8475.45","8347.95","8357.20","8583.03","46.57","55.57","53.57","8781.65"
"Fri Jul 18 2025 00:00:00 GMT+0530 (India Standard Time)","8367.10","8418.65","8148.70","8163.40","8606.86","42.33","53.82","50.90","8754.90"
"Mon Jul 21 2025 00:00:00 GMT+0530 (India Standard Time)","8157.15","8245.35","8080.95","8227.20","8627.42","44.09","54.30","51.71","8730.68"
"Tue Jul 22 2025 00:00:00 GMT+0530 (India Standard Time)","8271.60","8323.80","8225.30","8243.15","8645.17","44.54","54.42","51.92","8713.96"
"Wed Jul 23 2025 00:00:00 GMT+0530 (India Standard Time)","8262.40","8274.20","8131.15","8200.25","8656.08","43.56","54.03","51.31","8695.55"
"Thu Jul 24 2025 00:00:00 GMT+0530 (India Standard Time)","8215.15","8240.60","8148.30","8163.90","8663.23","42.73","53.70","50.80","8673.28"
"Fri Jul 25 2025 00:00:00 GMT+0530 (India Standard Time)","8164.05","8164.65","7989.10","7996.45","8659.53","39.10","52.19","48.49","8642.19"
"Mon Jul 28 2025 00:00:00 GMT+0530 (India Standard Time)","7969.90","8008.90","7788.70","7836.75","8651.16","36.05","50.80","46.42","8606.49"
"Tue Jul 29 2025 00:00:00 GMT+0530 (India Standard Time)","7774.70","7832.45","7678.30","7808.85","8645.35","35.54","50.56","46.07","8570.46"
"Wed Jul 30 2025 00:00:00 GMT+0530 (India Standard Time)","7828.95","7873.75","7781.00","7828.95","8637.85","36.22","50.73","46.37","8535.12"
"Thu Jul 31 2025 00:00:00 GMT+0530 (India Standard Time)","7703.15","7872.90","7703.15","7776.60","8625.35","35.20","50.27","45.69","8490.60"
"Fri Aug 01 2025 00:00:00 GMT+0530 (India Standard Time)","7776.85","7781.50","7603.05","7615.60","8609.28","32.27","48.89","43.65","8444.66"
"Mon Aug 04 2025 00:00:00 GMT+0530 (India Standard Time)","7628.30","7826.95","7604.00","7808.15","8593.76","38.68","50.55","46.58","8409.08"
"Tue Aug 05 2025 00:00:00 GMT+0530 (India Standard Time)","7829.35","7883.85","7754.90","7874.75","8577.95","40.72","51.10","47.56","8377.33"
"Wed Aug 06 2025 00:00:00 GMT+0530 (India Standard Time)","7954.05","7966.05","7807.15","7836.20","8561.04","39.91","50.77","47.05","8344.93"
"Thu Aug 07 2025 00:00:00 GMT+0530 (India Standard Time)","7792.10","7837.30","7685.60","7800.05","8541.01","39.15","50.45","46.56","8306.09"
"Fri Aug 08 2025 00:00:00 GMT+0530 (India Standard Time)","7776.55","7783.65","7594.55","7607.90","8519.68","35.37","48.79","44.10","8260.51"
"Mon Aug 11 2025 00:00:00 GMT+0530 (India Standard Time)","7606.90","7842.65","7584.75","7700.75","8500.17","38.39","49.61","45.53","8219.41"
"Tue Aug 12 2025 00:00:00 GMT+0530 (India Standard Time)","7717.65","7725.15","7578.45","7626.25","8477.16","36.94","48.97","44.59","8175.77"
"Wed Aug 13 2025 00:00:00 GMT+0530 (India Standard Time)","7679.45","7869.65","7675.75","7826.80","8455.49","43.03","50.70","47.60","8134.08"
"Thu Aug 14 2025 00:00:00 GMT+0530 (India Standard Time)","7836.65","7840.30","7740.85","7804.80","8430.97","42.55","50.51","47.31","8095.73"
"Mon Aug 18 2025 00:00:00 GMT+0530 (India Standard Time)","7883.70","7908.70","7794.20","7815.50","8407.93","42.88","50.60","47.47","8059.95"
"Tue Aug 19 2025 00:00:00 GMT+0530 (India Standard Time)","7824.25","7826.35","7714.55","7735.25","8384.60","41.07","49.89","46.38","8020.14"
"Wed Aug 20 2025 00:00:00 GMT+0530 (India Standard Time)","7816.20","7822.80","7674.50","7679.70","8359.01","39.85","49.40","45.64","7984.05"
"Thu Aug 21 2025 00:00:00 GMT+0530 (India Standard Time)","7708.95","7810.65","7669.20","7695.55","8336.37","40.38","49.55","45.89","7954.18"
"Fri Aug 22 2025 00:00:00 GMT+0530 (India Standard Time)","7697.25","7813.50","7695.85","7717.85","8316.81","41.15","49.75","46.25","7929.06"
"Mon Aug 25 2025 00:00:00 GMT+0530 (India Standard Time)","7808.95","7814.55","7685.95","7695.20","8296.55","40.59","49.54","45.93","7902.07"
"Tue Aug 26 2025 00:00:00 GMT+0530 (India Standard Time)","7681.80","7681.80","7507.90","7518.85","8271.24","36.54","47.96","43.50","7870.50"
"Thu Aug 28 2025 00:00:00 GMT+0530 (India Standard Time)","7502.90","7540.15","7387.40","7396.05","8241.54","34.06","46.89","41.91","7836.49"
"Fri Aug 29 2025 00:00:00 GMT+0530 (India Standard Time)","7390.25","7511.60","7368.55","7410.25","8212.59","34.60","47.03","42.16","7807.43"
"Mon Sep 01 2025 00:00:00 GMT+0530 (India Standard Time)","7434.70","7602.50","7415.20","7577.30","8188.10","40.60","48.63","45.04","7784.12"
"Tue Sep 02 2025 00:00:00 GMT+0530 (India Standard Time)","7612.00","7724.35","7566.05","7650.90","8164.36","43.02","49.32","46.25","7762.08"
"Wed Sep 03 2025 00:00:00 GMT+0530 (India Standard Time)","7662.60","7725.70","7645.30","7677.60","8137.13","43.89","49.57","46.69","7743.55"
"Thu Sep 04 2025 00:00:00 GMT+0530 (India Standard Time)","7728.45","7728.45","7534.40","7545.25","8110.31","40.66","48.37","44.82","7722.78"
"Fri Sep 05 2025 00:00:00 GMT+0530 (India Standard Time)","7555.25","7590.90","7481.90","7518.65","8086.32","40.04","48.13","44.46","7704.22"
"Mon Sep 08 2025 00:00:00 GMT+0530 (India Standard Time)","7539.40","7588.30","7523.65","7538.50","8062.80","40.75","48.32","44.80","7692.51"
"Tue Sep 09 2025 00:00:00 GMT+0530 (India Standard Time)","7548.15","7580.20","7508.90","7526.50","8037.91","40.44","48.21","44.63","7684.13"
"Wed Sep 10 2025 00:00:00 GMT+0530 (India Standard Time)","7560.65","7743.50","7547.55","7719.10","8014.27","47.10","50.09","47.96","7678.49"
"Thu Sep 11 2025 00:00:00 GMT+0530 (India Standard Time)","7756.65","7826.25","7693.20","7706.90","7990.31","46.75","49.97","47.77","7676.99"
"Fri Sep 12 2025 00:00:00 GMT+0530 (India Standard Time)","7732.95","8052.50","7722.40","8044.70","7972.42","56.16","53.05","52.99","7686.74"
"Mon Sep 15 2025 00:00:00 GMT+0530 (India Standard Time)","8088.05","8161.70","8040.30","8100.20","7957.17","57.45","53.53","53.77","7699.40"
"Tue Sep 16 2025 00:00:00 GMT+0530 (India Standard Time)","8102.85","8170.25","8033.70","8154.30","7940.66","58.70","54.00","54.53","7709.45"
"Wed Sep 17 2025 00:00:00 GMT+0530 (India Standard Time)","8177.65","8366.95","8175.45","8316.55","7929.28","62.20","55.36","56.71","7724.33"
"Thu Sep 18 2025 00:00:00 GMT+0530 (India Standard Time)","8343.10","8353.70","8251.85","8272.15","7918.19","60.72","54.91","55.96","7742.84"
"Fri Sep 19 2025 00:00:00 GMT+0530 (India Standard Time)","8269.30","8347.95","8250.95","8318.80","7906.97","61.72","55.30","56.58","7765.83"
"Mon Sep 22 2025 00:00:00 GMT+0530 (India Standard Time)","8353.25","8414.60","8231.30","8244.15","7898.19","59.19","54.53","55.29","7786.81"
"Tue Sep 23 2025 00:00:00 GMT+0530 (India Standard Time)","8254.70","8269.05","8139.50","8176.75","7891.02","56.96","53.84","54.14","7806.52"
"Wed Sep 24 2025 00:00:00 GMT+0530 (India Standard Time)","8187.10","8231.10","8071.45","8080.85","7884.46","53.94","52.86","52.54","7818.55"
"Thu Sep 25 2025 00:00:00 GMT+0530 (India Standard Time)","8088.25","8245.80","8072.35","8134.60","7877.69","55.33","53.34","53.33","7831.25"
"Fri Sep 26 2025 00:00:00 GMT+0530 (India Standard Time)","8156.70","8158.35","7934.30","7949.80","7868.66","49.88","51.51","50.35","7837.49"
"Mon Sep 29 2025 00:00:00 GMT+0530 (India Standard Time)","7999.85","8090.45","7819.80","7836.35","7858.89","46.90","50.42","48.63","7843.09"
"Tue Sep 30 2025 00:00:00 GMT+0530 (India Standard Time)","7864.25","7903.05","7795.10","7850.25","7851.41","47.30","50.55","48.85","7847.51"
"Wed Oct 01 2025 00:00:00 GMT+0530 (India Standard Time)","7840.80","8024.30","7806.05","7977.45","7846.43","50.90","51.73","50.83","7855.04"
"Fri Oct 03 2025 00:00:00 GMT+0530 (India Standard Time)","7996.70","8140.45","7990.70","8133.65","7843.25","54.88","53.13","53.13","7867.40"
"Mon Oct 06 2025 00:00:00 GMT+0530 (India Standard Time)","8153.00","8179.95","8089.15","8152.05","7842.09","55.32","53.29","53.39","7881.98"
"Tue Oct 07 2025 00:00:00 GMT+0530 (India Standard Time)","8162.30","8186.60","8094.00","8103.55","7840.94","53.85","52.80","52.59","7901.93"
"Wed Oct 08 2025 00:00:00 GMT+0530 (India Standard Time)","8109.95","8119.15","7972.30","7989.05","7840.56","50.50","51.66","50.74","7922.85"
"Thu Oct 09 2025 00:00:00 GMT+0530 (India Standard Time)","8003.25","8132.75","7950.60","8111.25","7844.73","53.72","52.77","52.57","7945.52"
"Fri Oct 10 2025 00:00:00 GMT+0530 (India Standard Time)","8120.50","8191.60","8084.95","8096.25","7851.43","53.28","52.62","52.33","7966.68"
"Mon Oct 13 2025 00:00:00 GMT+0530 (India Standard Time)","8065.70","8069.65","7970.50","8011.00","7855.18","50.76","51.76","50.93","7979.89"
"Tue Oct 14 2025 00:00:00 GMT+0530 (India Standard Time)","8024.40","8087.85","7956.35","7980.50","7859.56","49.87","51.45","50.44","7991.51"
"Wed Oct 15 2025 00:00:00 GMT+0530 (India Standard Time)","7994.70","8114.00","7985.55","8071.15","7867.69","52.46","52.31","51.87","8007.73"
"Thu Oct 16 2025 00:00:00 GMT+0530 (India Standard Time)","8086.40","8143.45","8079.90","8105.95","7874.63","53.43","52.63","52.41","8028.42"
"Fri Oct 17 2025 00:00:00 GMT+0530 (India Standard Time)","8098.50","8260.35","8083.30","8124.35","7880.65","53.95","52.80","52.70","8050.06"
"Mon Oct 20 2025 00:00:00 GMT+0530 (India Standard Time)","8167.80","8176.30","8115.25","8143.30","7886.31","54.50","52.98","53.00","8071.72"
"Tue Oct 21 2025 00:00:00 GMT+0530 (India Standard Time)","8178.20","8189.80","8149.10","8161.40","7894.01","55.04","53.16","53.29","8089.46"
"Thu Oct 23 2025 00:00:00 GMT+0530 (India Standard Time)","8223.25","8238.05","8153.00","8162.10","7904.61","55.06","53.17","53.30","8105.25"
"Fri Oct 24 2025 00:00:00 GMT+0530 (India Standard Time)","8217.70","8271.45","8161.35","8182.25","7914.46","55.71","53.36","53.64","8114.72"
"Mon Oct 27 2025 00:00:00 GMT+0530 (India Standard Time)","8204.50","8204.50","8119.50","8127.40","7924.57","53.51","52.74","52.57","8116.50"
"Tue Oct 28 2025 00:00:00 GMT+0530 (India Standard Time)","8157.30","8160.30","8050.70","8083.30","7930.46","51.79","52.24","51.71","8115.74"
"Wed Oct 29 2025 00:00:00 GMT+0530 (India Standard Time)","8097.25","8105.75","8036.75","8064.70","7935.87","51.07","52.03","51.35","8107.98"
"Thu Oct 30 2025 00:00:00 GMT+0530 (India Standard Time)","8070.40","8072.80","8001.45","8052.10","7940.09","50.56","51.89","51.10","8099.03"
"Fri Oct 31 2025 00:00:00 GMT+0530 (India Standard Time)","8072.15","8165.10","8048.00","8135.20","7947.45","53.73","52.77","52.66","8092.26"
"Mon Nov 03 2025 00:00:00 GMT+0530 (India Standard Time)","8148.75","8185.75","8087.75","8174.90","7956.28","55.17","53.19","53.39","8087.00"
"Tue Nov 04 2025 00:00:00 GMT+0530 (India Standard Time)","8154.75","8172.60","8046.15","8053.10","7963.55","50.14","51.76","50.91","8083.27"
"Thu Nov 06 2025 00:00:00 GMT+0530 (India Standard Time)","8017.25","8047.85","7872.85","7890.55","7967.34","44.46","49.94","47.86","8076.46"
"Fri Nov 07 2025 00:00:00 GMT+0530 (India Standard Time)","7869.70","7968.10","7773.75","7958.35","7971.18","47.09","50.68","49.17","8067.50"
"Mon Nov 10 2025 00:00:00 GMT+0530 (India Standard Time)","7980.15","8109.65","7976.15","8073.70","7981.21","51.21","51.90","51.31","8068.89"
"Tue Nov 11 2025 00:00:00 GMT+0530 (India Standard Time)","8084.30","8282.15","8081.45","8271.70","7997.14","57.21","53.91","54.67","8079.47"
"Wed Nov 12 2025 00:00:00 GMT+0530 (India Standard Time)","8308.55","8341.90","8209.65","8248.65","8013.88","56.36","53.64","54.22","8094.37"
"Thu Nov 13 2025 00:00:00 GMT+0530 (India Standard Time)","8221.10","8275.20","8165.50","8176.30","8026.99","53.74","52.81","52.82","8104.01"
"Fri Nov 14 2025 00:00:00 GMT+0530 (India Standard Time)","8179.30","8302.90","8174.55","8287.85","8039.29","56.98","53.93","54.68","8109.96"
"Mon Nov 17 2025 00:00:00 GMT+0530 (India Standard Time)","8318.85","8349.55","8274.25","8291.10","8051.69","57.07","53.96","54.73","8115.84"
"Tue Nov 18 2025 00:00:00 GMT+0530 (India Standard Time)","8298.75","8326.30","8237.30","8251.30","8065.26","55.55","53.49","53.93","8120.97"
"Wed Nov 19 2025 00:00:00 GMT+0530 (India Standard Time)","8260.85","8268.00","8193.10","8250.20","8079.51","55.50","53.48","53.91","8128.48"
"Thu Nov 20 2025 00:00:00 GMT+0530 (India Standard Time)","8287.70","8375.20","8268.50","8296.85","8094.76","56.99","53.97","54.73","8137.36"
"Fri Nov 21 2025 00:00:00 GMT+0530 (India Standard Time)","8281.75","8285.45","8109.05","8116.40","8107.18","50.18","51.84","51.11","8139.00"
"Mon Nov 24 2025 00:00:00 GMT+0530 (India Standard Time)","8039.95","8061.90","7894.90","7912.80","8112.45","43.95","49.59","47.47","8136.84"
"Tue Nov 25 2025 00:00:00 GMT+0530 (India Standard Time)","7924.65","7977.25","7914.95","7925.40","8116.50","44.40","49.72","47.71","8134.38"
"Wed Nov 26 2025 00:00:00 GMT+0530 (India Standard Time)","7945.15","8028.70","7939.50","8023.40","8117.25","47.81","50.79","49.53","8132.24"
"Thu Nov 27 2025 00:00:00 GMT+0530 (India Standard Time)","8048.65","8078.70","7979.75","7997.70","8115.51","47.02","50.50","49.07","8128.99"
"Fri Nov 28 2025 00:00:00 GMT+0530 (India Standard Time)","8009.35","8039.30","7973.35","8009.85","8113.11","47.45","50.63","49.30","8123.69"
"Mon Dec 01 2025 00:00:00 GMT+0530 (India Standard Time)","8051.40","8084.75","7992.20","8021.50","8107.83","47.88","50.76","49.52","8119.68"
"Tue Dec 02 2025 00:00:00 GMT+0530 (India Standard Time)","8028.20","8032.80","7917.30","7955.05","8101.38","45.65","50.00","48.27","8112.60"
"Wed Dec 03 2025 00:00:00 GMT+0530 (India Standard Time)","7949.15","7951.50","7787.05","7809.60","8091.99","41.23","48.38","45.67","8100.64"
"Thu Dec 04 2025 00:00:00 GMT+0530 (India Standard Time)","7829.55","7889.50","7784.35","7855.25","8083.24","43.05","48.91","46.60","8087.71"
"Fri Dec 05 2025 00:00:00 GMT+0530 (India Standard Time)","7879.85","7909.10","7766.95","7800.30","8075.81","41.43","48.31","45.63","8076.10"
"Mon Dec 08 2025 00:00:00 GMT+0530 (India Standard Time)","7796.95","7801.55","7481.90","7513.00","8065.04","34.34","45.32","41.05","8058.27"
"Tue Dec 09 2025 00:00:00 GMT+0530 (India Standard Time)","7476.15","7591.40","7363.25","7577.05","8052.64","36.87","46.07","42.38","8038.32"
"Wed Dec 10 2025 00:00:00 GMT+0530 (India Standard Time)","7587.05","7622.10","7492.00","7521.40","8043.47","35.62","45.52","41.54","8020.57"
"Thu Dec 11 2025 00:00:00 GMT+0530 (India Standard Time)","7511.75","7590.30","7504.20","7562.70","8036.65","37.28","46.01","42.41","8000.44"
"Fri Dec 12 2025 00:00:00 GMT+0530 (India Standard Time)","7591.15","7632.90","7512.55","7567.85","8031.06","37.49","46.07","42.52","7979.79"
"Mon Dec 15 2025 00:00:00 GMT+0530 (India Standard Time)","7547.15","7586.05","7525.90","7559.60","8023.29","37.28","45.99","42.39","7960.73"
"Tue Dec 16 2025 00:00:00 GMT+0530 (India Standard Time)","7554.60","7555.15","7436.20","7462.60","8010.88","34.86","44.98","40.85","7944.58"
"Wed Dec 17 2025 00:00:00 GMT+0530 (India Standard Time)","7465.15","7465.20","7363.65","7379.80","7995.96","32.94","44.14","39.58","7926.82"
"Thu Dec 18 2025 00:00:00 GMT+0530 (India Standard Time)","7375.90","7401.30","7285.70","7374.10","7980.70","32.81","44.08","39.50","7901.84"
"Fri Dec 19 2025 00:00:00 GMT+0530 (India Standard Time)","7391.50","7532.70","7388.00","7524.45","7970.20","39.45","45.98","42.88","7875.76"
"Mon Dec 22 2025 00:00:00 GMT+0530 (India Standard Time)","7555.90","7762.45","7535.00","7755.00","7962.71","47.76","48.70","47.51","7854.96"
"Tue Dec 23 2025 00:00:00 GMT+0530 (India Standard Time)","7780.10","7826.95","7716.75","7764.30","7955.72","48.06","48.80","47.69","7839.38"
"Wed Dec 24 2025 00:00:00 GMT+0530 (India Standard Time)","7766.90","7856.05","7744.70","7789.30","7951.31","48.89","49.09","48.17","7823.00"
"Fri Dec 26 2025 00:00:00 GMT+0530 (India Standard Time)","7816.35","7917.90","7761.35","7774.35","7947.42","48.41","48.92","47.90","7805.61"
"Mon Dec 29 2025 00:00:00 GMT+0530 (India Standard Time)","7819.40","7885.20","7718.55","7728.20","7941.51","46.89","48.40","47.06","7787.95"
"Tue Dec 30 2025 00:00:00 GMT+0530 (India Standard Time)","7745.25","7748.65","7601.20","7644.35","7932.53","44.25","47.47","45.57","7767.51"
"Wed Dec 31 2025 00:00:00 GMT+0530 (India Standard Time)","7699.75","7772.50","7693.65","7747.40","7924.37","48.03","48.71","47.66","7746.95"
"Thu Jan 01 2026 00:00:00 GMT+0530 (India Standard Time)","7767.00","7770.05","7672.50","7727.10","7915.97","47.36","48.48","47.29","7730.98"
"Fri Jan 02 2026 00:00:00 GMT+0530 (India Standard Time)","7747.75","7810.60","7742.40","7786.75","7908.29","49.52","49.19","48.50","7724.68"
"Mon Jan 05 2026 00:00:00 GMT+0530 (India Standard Time)","7799.15","7989.80","7793.25","7945.95","7903.09","54.71","51.03","51.54","7723.62"
"Tue Jan 06 2026 00:00:00 GMT+0530 (India Standard Time)","7958.45","7965.35","7878.30","7922.25","7897.54","53.85","50.75","51.08","7720.93"
"Wed Jan 07 2026 00:00:00 GMT+0530 (India Standard Time)","7911.20","7995.50","7865.20","7973.95","7893.69","55.46","51.34","52.04","7718.30"
"Thu Jan 08 2026 00:00:00 GMT+0530 (India Standard Time)","7974.65","8070.30","7905.30","7921.40","7890.89","53.47","50.72","50.99","7716.80"
"Fri Jan 09 2026 00:00:00 GMT+0530 (India Standard Time)","7927.85","8079.95","7866.80","7891.65","7888.19","52.34","50.36","50.40","7713.71"
"Mon Jan 12 2026 00:00:00 GMT+0530 (India Standard Time)","7898.35","7924.90","7756.05","7908.15","7884.78","52.92","50.56","50.73","7709.95"
"Tue Jan 13 2026 00:00:00 GMT+0530 (India Standard Time)","7930.15","7969.70","7754.90","7821.70","7879.20","49.63","49.51","48.99","7709.92"
"Wed Jan 14 2026 00:00:00 GMT+0530 (India Standard Time)","7799.70","7901.55","7781.30","7832.10","7872.82","50.02","49.64","49.20","7709.75"
"Fri Jan 16 2026 00:00:00 GMT+0530 (India Standard Time)","7851.85","7870.00","7727.80","7790.50","7867.09","48.43","49.14","48.36","7708.71"
"Mon Jan 19 2026 00:00:00 GMT+0530 (India Standard Time)","7779.65","7859.80","7748.50","7770.65","7864.33","47.68","48.90","47.96","7715.64"
"Tue Jan 20 2026 00:00:00 GMT+0530 (India Standard Time)","7764.40","7791.05","7518.40","7555.00","7858.13","40.46","46.38","43.88","7719.60"
"Wed Jan 21 2026 00:00:00 GMT+0530 (India Standard Time)","7513.40","7563.60","7381.15","7461.05","7846.30","37.84","45.34","42.27","7716.87"
"Thu Jan 22 2026 00:00:00 GMT+0530 (India Standard Time)","7524.10","7684.90","7523.75","7660.15","7834.41","45.67","47.86","46.55","7719.39"
"Fri Jan 23 2026 00:00:00 GMT+0530 (India Standard Time)","7690.15","7690.15","7507.30","7522.10","7820.38","41.83","46.35","44.21","7719.46"
"Tue Jan 27 2026 00:00:00 GMT+0530 (India Standard Time)","7591.00","7688.80","7482.60","7637.25","7808.64","45.82","47.75","46.51","7721.09"
"Wed Jan 28 2026 00:00:00 GMT+0530 (India Standard Time)","7675.55","8189.05","7673.70","8167.95","7804.37","59.31","53.43","55.27","7739.86"
"Thu Jan 29 2026 00:00:00 GMT+0530 (India Standard Time)","8214.60","8219.50","8018.15","8068.85","7800.21","56.55","52.35","53.58","7764.84"
"Fri Jan 30 2026 00:00:00 GMT+0530 (India Standard Time)","8063.30","8204.65","7967.05","8184.00","7797.58","58.89","53.46","55.21","7792.16"
"Sun Feb 01 2026 00:00:00 GMT+0530 (India Standard Time)","8251.05","8359.10","7458.65","7767.75","7789.54","48.91","49.22","48.83","7805.73"
"Mon Feb 02 2026 00:00:00 GMT+0530 (India Standard Time)","7819.95","7895.25","7611.45","7851.75","7779.40","50.68","50.04","50.03","7809.37"
"Tue Feb 03 2026 00:00:00 GMT+0530 (India Standard Time)","8228.25","8289.00","7971.60","8034.70","7777.92","54.30","51.75","52.52","7821.13"
"Wed Feb 04 2026 00:00:00 GMT+0530 (India Standard Time)","8014.00","8023.15","7857.65","7972.65","7778.14","52.92","51.14","51.63","7826.64"
"Thu Feb 05 2026 00:00:00 GMT+0530 (India Standard Time)","7939.30","7940.60","7733.60","7805.05","7775.84","49.35","49.55","49.28","7826.95"
"Fri Feb 06 2026 00:00:00 GMT+0530 (India Standard Time)","7815.25","7815.25","7695.05","7753.40","7770.85","48.30","49.07","48.59","7826.14"
"Mon Feb 09 2026 00:00:00 GMT+0530 (India Standard Time)","7804.45","7965.95","7772.95","7948.40","7768.76","52.33","50.90","51.27","7834.39"
"Tue Feb 10 2026 00:00:00 GMT+0530 (India Standard Time)","7975.40","8058.40","7943.25","7993.25","7768.54","53.21","51.31","51.86","7843.69"
"Wed Feb 11 2026 00:00:00 GMT+0530 (India Standard Time)","8021.40","8021.40","7923.05","8006.40","7767.73","53.48","51.43","52.04","7852.99"
"Thu Feb 12 2026 00:00:00 GMT+0530 (India Standard Time)","7996.40","8090.05","7938.80","8064.45","7769.21","54.67","51.97","52.82","7861.96"
"Fri Feb 13 2026 00:00:00 GMT+0530 (India Standard Time)","8071.35","8104.90","7962.80","7991.75","7772.68","52.89","51.24","51.73","7865.89"
"Mon Feb 16 2026 00:00:00 GMT+0530 (India Standard Time)","7980.00","8028.95","7931.30","8014.15","7775.70","53.38","51.46","52.05","7868.38"
"Tue Feb 17 2026 00:00:00 GMT+0530 (India Standard Time)","8049.10","8144.35","8040.75","8121.40","7781.46","55.70","52.46","53.53","7873.99"
"Wed Feb 18 2026 00:00:00 GMT+0530 (India Standard Time)","8138.60","8200.35","8098.45","8177.95","7793.19","56.89","52.98","54.30","7880.90"
"Thu Feb 19 2026 00:00:00 GMT+0530 (India Standard Time)","8193.75","8232.80","8000.85","8036.30","7804.17","53.14","51.54","52.08","7886.03"
"Fri Feb 20 2026 00:00:00 GMT+0530 (India Standard Time)","8021.05","8205.60","7999.45","8099.45","7815.41","54.54","52.13","52.96","7894.55"
"Mon Feb 23 2026 00:00:00 GMT+0530 (India Standard Time)","8136.95","8165.45","8009.00","8068.35","7825.86","53.71","51.81","52.47","7902.84"
"Tue Feb 24 2026 00:00:00 GMT+0530 (India Standard Time)","8034.50","8042.20","7946.85","8019.55","7834.60","52.40","51.31","51.70","7908.72"
"Wed Feb 25 2026 00:00:00 GMT+0530 (India Standard Time)","8051.75","8116.95","8024.60","8094.00","7845.09","54.19","52.03","52.79","7918.80"
"Thu Feb 26 2026 00:00:00 GMT+0530 (India Standard Time)","8106.55","8223.30","8102.30","8213.65","7859.27","56.93","53.16","54.49","7932.62"
"Fri Feb 27 2026 00:00:00 GMT+0530 (India Standard Time)","8216.45","8216.45","8103.20","8126.80","7874.20","54.45","52.25","53.06","7951.45"
"Mon Mar 02 2026 00:00:00 GMT+0530 (India Standard Time)","7936.05","8288.30","7933.70","8166.50","7889.80","55.38","52.63","53.63","7975.05"
"Wed Mar 04 2026 00:00:00 GMT+0530 (India Standard Time)","8201.65","8205.55","8051.60","8088.05","7902.11","53.12","51.81","52.34","7992.63"
"Thu Mar 05 2026 00:00:00 GMT+0530 (India Standard Time)","8173.55","8352.25","8147.10","8293.95","7913.51","57.86","53.74","55.25","8017.32"
"Fri Mar 06 2026 00:00:00 GMT+0530 (India Standard Time)","8311.45","8579.80","8289.70","8523.85","7927.74","62.33","55.77","58.18","8048.09"
"Mon Mar 09 2026 00:00:00 GMT+0530 (India Standard Time)","8522.50","8522.70","8221.35","8340.60","7938.97","57.25","53.86","55.21","8060.64"
"Tue Mar 10 2026 00:00:00 GMT+0530 (India Standard Time)","8474.25","8488.85","8277.70","8403.90","7950.70","58.48","54.40","56.01","8070.92"
"Wed Mar 11 2026 00:00:00 GMT+0530 (India Standard Time)","8429.75","8504.20","8239.55","8257.50","7961.69","54.67","52.92","53.74","8078.61"
"Thu Mar 12 2026 00:00:00 GMT+0530 (India Standard Time)","8195.30","8250.00","8086.30","8229.40","7972.48","53.96","52.64","53.31","8090.27"
"Fri Mar 13 2026 00:00:00 GMT+0530 (India Standard Time)","8195.35","8210.75","7909.15","7926.50","7977.53","47.05","49.75","49.00","8098.46"
"Mon Mar 16 2026 00:00:00 GMT+0530 (India Standard Time)","7894.50","7951.15","7731.45","7864.80","7980.11","45.80","49.19","48.18","8089.56"
"Tue Mar 17 2026 00:00:00 GMT+0530 (India Standard Time)","7907.05","8028.85","7847.40","8011.15","7983.97","49.17","50.53","50.21","8089.97"
"Wed Mar 18 2026 00:00:00 GMT+0530 (India Standard Time)","8060.60","8138.35","8022.00","8092.40","7987.32","50.95","51.26","51.29","8099.17"
"Thu Mar 19 2026 00:00:00 GMT+0530 (India Standard Time)","7976.55","7999.50","7765.20","7792.15","7985.63","44.86","48.56","47.36","8102.66"
"Fri Mar 20 2026 00:00:00 GMT+0530 (India Standard Time)","7837.20","7950.35","7721.85","7735.50","7982.30","43.82","48.08","46.67","8099.34"
"Mon Mar 23 2026 00:00:00 GMT+0530 (India Standard Time)","7662.45","7664.50","7349.20","7390.85","7972.19","38.18","45.27","42.75","8080.40"
"Tue Mar 24 2026 00:00:00 GMT+0530 (India Standard Time)","7553.70","7601.45","7406.35","7550.95","7964.08","41.83","46.74","44.96","8063.83"
"Wed Mar 25 2026 00:00:00 GMT+0530 (India Standard Time)","7628.40","7734.40","7601.15","7615.60","7959.43","43.25","47.32","45.83","8050.23"
"Fri Mar 27 2026 00:00:00 GMT+0530 (India Standard Time)","7588.40","7590.10","7407.65","7422.30","7951.80","40.17","45.80","43.71","8030.72"
"Mon Mar 30 2026 00:00:00 GMT+0530 (India Standard Time)","7333.00","7483.65","7184.90","7214.30","7940.55","37.18","44.24","41.58","8005.82"
"Wed Apr 01 2026 00:00:00 GMT+0530 (India Standard Time)","7445.15","7712.75","7394.80","7597.90","7936.18","45.10","47.59","46.52","7986.76"
"Thu Apr 02 2026 00:00:00 GMT+0530 (India Standard Time)","7500.70","7623.45","7369.75","7600.65","7931.40","45.15","47.62","46.55","7964.34"
"Mon Apr 06 2026 00:00:00 GMT+0530 (India Standard Time)","7613.00","7731.50","7520.45","7719.90","7932.76","47.42","48.61","48.00","7948.89"
"Tue Apr 07 2026 00:00:00 GMT+0530 (India Standard Time)","7697.80","7811.85","7621.35","7799.65","7938.59","48.91","49.27","48.95","7936.13"
"Wed Apr 08 2026 00:00:00 GMT+0530 (India Standard Time)","8080.30","8080.45","7953.80","8051.50","7946.63","53.28","51.27","51.81","7934.26"
"Thu Apr 09 2026 00:00:00 GMT+0530 (India Standard Time)","8007.25","8269.35","8001.80","8176.95","7958.55","55.29","52.23","53.15","7939.49"
"Fri Apr 10 2026 00:00:00 GMT+0530 (India Standard Time)","8243.10","8369.85","8242.15","8299.75","7972.38","57.17","53.14","54.43","7947.54"
"Mon Apr 13 2026 00:00:00 GMT+0530 (India Standard Time)","8147.00","8361.65","8074.80","8334.50","7976.91","57.70","53.40","54.79","7950.30"
"Wed Apr 15 2026 00:00:00 GMT+0530 (India Standard Time)","8482.60","8554.85","8458.00","8546.45","7985.56","60.81","54.94","56.92","7963.55"
"Thu Apr 16 2026 00:00:00 GMT+0530 (India Standard Time)","8617.90","8708.20","8564.65","8686.25","7996.09","62.71","55.91","58.26","7982.25"
"Fri Apr 17 2026 00:00:00 GMT+0530 (India Standard Time)","8712.00","8823.55","8693.50","8814.70","8015.06","64.37","56.79","59.45","8005.90"
"Mon Apr 20 2026 00:00:00 GMT+0530 (India Standard Time)","8833.85","8865.75","8699.40","8760.60","8034.44","63.13","56.31","58.72","8024.14"
"Tue Apr 21 2026 00:00:00 GMT+0530 (India Standard Time)","8766.20","8918.45","8764.75","8826.25","8049.47","64.02","56.76","59.34","8037.43"
"Wed Apr 22 2026 00:00:00 GMT+0530 (India Standard Time)","8825.10","8960.50","8812.35","8945.20","8068.65","65.59","57.57","60.44","8056.87"
"Thu Apr 23 2026 00:00:00 GMT+0530 (India Standard Time)","8950.70","9048.70","8874.10","8985.50","8091.70","66.12","57.84","60.82","8077.56"
"Fri Apr 24 2026 00:00:00 GMT+0530 (India Standard Time)","9015.80","9063.70","8785.85","8844.70","8114.31","62.60","56.55","58.83","8097.71"
"Mon Apr 27 2026 00:00:00 GMT+0530 (India Standard Time)","8886.40","8952.50","8851.40","8903.35","8134.18","63.45","56.96","59.40","8123.21"
"Tue Apr 28 2026 00:00:00 GMT+0530 (India Standard Time)","8912.85","8988.30","8870.15","8913.25","8152.67","63.60","57.03","59.50","8155.65"
"Wed Apr 29 2026 00:00:00 GMT+0530 (India Standard Time)","8983.15","9095.90","8955.55","9012.30","8173.26","65.07","57.72","60.47","8197.51"
"Thu Apr 30 2026 00:00:00 GMT+0530 (India Standard Time)","9003.15","9015.95","8841.55","8973.45","8191.49","64.00","57.35","59.89","8232.56"
"Mon May 04 2026 00:00:00 GMT+0530 (India Standard Time)","9027.35","9062.00","8884.15","8978.40","8210.75","64.08","57.39","59.94","8264.36"
"Tue May 05 2026 00:00:00 GMT+0530 (India Standard Time)","8976.20","9116.70","8943.60","9093.20","8232.04","65.90","58.21","61.10","8307.18"
"Wed May 06 2026 00:00:00 GMT+0530 (India Standard Time)","9155.65","9191.30","9078.95","9142.65","8252.68","66.66","58.55","61.60","8354.86"
"Thu May 07 2026 00:00:00 GMT+0530 (India Standard Time)","9186.25","9445.90","9140.40","9420.40","8276.54","70.55","60.44","64.22","8421.55"
"Fri May 08 2026 00:00:00 GMT+0530 (India Standard Time)","9447.45","9487.75","9374.10","9391.05","8303.23","69.65","60.15","63.75","8489.34"
"Mon May 11 2026 00:00:00 GMT+0530 (India Standard Time)","9360.70","9394.80","9229.85","9281.45","8327.15","66.33","59.05","61.99","8548.33"
"Tue May 12 2026 00:00:00 GMT+0530 (India Standard Time)","9260.95","9285.90","8887.75","8907.00","8345.53","56.63","55.53","56.52","8603.81"
"Wed May 13 2026 00:00:00 GMT+0530 (India Standard Time)","8892.10","9186.20","8892.10","9094.40","8366.73","59.73","56.84","58.41","8666.79"
"Thu May 14 2026 00:00:00 GMT+0530 (India Standard Time)","9186.30","9299.80","9041.65","9169.50","8388.48","60.90","57.36","59.14","8724.00"
"Fri May 15 2026 00:00:00 GMT+0530 (India Standard Time)","9189.10","9199.45","8932.25","9000.35","8405.38","56.97","55.84","56.83","8778.02"
"Mon May 18 2026 00:00:00 GMT+0530 (India Standard Time)","8967.80","8974.70","8725.45","8954.20","8420.56","55.94","55.43","56.21","8821.86"
"Tue May 19 2026 00:00:00 GMT+0530 (India Standard Time)","8976.50","9034.95","8897.50","8920.90","8436.65","55.18","55.13","55.76","8864.96"
"Wed May 20 2026 00:00:00 GMT+0530 (India Standard Time)","8847.70","9011.50","8794.80","8991.10","8453.43","56.49","55.64","56.51","8897.24"
"Thu May 21 2026 00:00:00 GMT+0530 (India Standard Time)","9079.75","9235.65","9067.50","9119.55","8470.70","58.79","56.56","57.87","8932.66"
"Fri May 22 2026 00:00:00 GMT+0530 (India Standard Time)","9139.20","9188.40","9079.85","9099.80","8483.46","58.30","56.38","57.58","8961.90"
"Mon May 25 2026 00:00:00 GMT+0530 (India Standard Time)","9182.85","9264.60","9136.35","9219.65","8500.53","60.43","57.23","58.84","8995.82"
"Tue May 26 2026 00:00:00 GMT+0530 (India Standard Time)","9234.00","9287.05","9213.60","9244.35","8517.61","60.87","57.40","59.10","9021.84"
"Wed May 27 2026 00:00:00 GMT+0530 (India Standard Time)","9256.40","9307.90","9214.65","9253.75","8536.46","61.04","57.47","59.20","9043.48"
"Fri May 29 2026 00:00:00 GMT+0530 (India Standard Time)","9232.70","9267.25","9056.15","9107.50","8555.18","56.98","56.07","56.97","9056.56"
"Mon Jun 01 2026 00:00:00 GMT+0530 (India Standard Time)","9142.75","9167.55","8884.85","8924.50","8574.82","52.39","54.37","54.35","9064.31"
"Tue Jun 02 2026 00:00:00 GMT+0530 (India Standard Time)","8875.90","9022.65","8802.95","8990.45","8596.79","53.80","54.87","55.11","9067.96"
"Wed Jun 03 2026 00:00:00 GMT+0530 (India Standard Time)","9010.50","9062.25","8902.20","9024.45","8617.37","54.53","55.13","55.51","9071.19"
"Thu Jun 04 2026 00:00:00 GMT+0530 (India Standard Time)","9013.70","9171.05","8993.35","9067.30","8637.14","55.45","55.46","56.01","9075.04"
"Fri Jun 05 2026 00:00:00 GMT+0530 (India Standard Time)","9094.60","9167.50","9031.55","9072.80","8662.12","55.58","55.50","56.08","9081.91"
"Mon Jun 08 2026 00:00:00 GMT+0530 (India Standard Time)","8925.80","9070.60","8902.45","8977.30","8686.04","52.93","54.58","54.62","9084.81"
"Tue Jun 09 2026 00:00:00 GMT+0530 (India Standard Time)","9035.55","9146.65","9005.15","9130.45","8719.12","56.42","55.78","56.49","9090.89"
"Wed Jun 10 2026 00:00:00 GMT+0530 (India Standard Time)","9155.05","9178.15","8965.30","8990.05","8749.19","52.66","54.44","54.38","9091.72"
"Thu Jun 11 2026 00:00:00 GMT+0530 (India Standard Time)","8955.05","8987.70","8790.00","8801.90","8773.27","48.14","52.72","51.72","9088.72"
"Fri Jun 12 2026 00:00:00 GMT+0530 (India Standard Time)","8924.40","9007.40","8903.25","8995.35","8803.56","52.54","54.23","54.10","9088.50"
"Mon Jun 15 2026 00:00:00 GMT+0530 (India Standard Time)","9128.40","9215.85","9025.65","9129.80","8840.58","55.30","55.25","55.65","9091.10"
"Tue Jun 16 2026 00:00:00 GMT+0530 (India Standard Time)","9165.45","9175.15","9093.80","9130.75","8871.72","55.32","55.26","55.66","9090.94"
"Wed Jun 17 2026 00:00:00 GMT+0530 (India Standard Time)","9151.65","9526.50","9150.70","9487.35","8909.01","61.82","57.83","59.52","9092.82"
"Thu Jun 18 2026 00:00:00 GMT+0530 (India Standard Time)","9531.20","9580.80","9483.25","9523.05","8946.10","62.40","58.08","59.88","9096.80"
"Fri Jun 19 2026 00:00:00 GMT+0530 (India Standard Time)","9533.15","9635.50","9514.60","9587.50","8982.56","63.44","58.52","60.53","9106.69"
"Mon Jun 22 2026 00:00:00 GMT+0530 (India Standard Time)","9637.60","9745.65","9574.70","9728.70","9015.76","65.64","59.48","61.92","9130.13"
"Tue Jun 23 2026 00:00:00 GMT+0530 (India Standard Time)","9769.55","9784.60","9613.90","9652.75","9046.16","63.48","58.74","60.74","9152.49"
"Wed Jun 24 2026 00:00:00 GMT+0530 (India Standard Time)","9636.65","9685.85","9441.30","9462.35","9070.36","58.44","56.92","57.88","9165.33"
"Thu Jun 25 2026 00:00:00 GMT+0530 (India Standard Time)","9490.70","9527.10","9379.20","9396.00","9093.32","56.79","56.30","56.92","9179.26"
"Mon Jun 29 2026 00:00:00 GMT+0530 (India Standard Time)","9376.45","9467.45","9266.25","9391.00","9110.37","56.66","56.26","56.85","9196.77"
"Tue Jun 30 2026 00:00:00 GMT+0530 (India Standard Time)","9368.90","9575.95","9307.95","9519.40","9126.76","59.12","57.19","58.26","9215.22"
"Wed Jul 01 2026 00:00:00 GMT+0530 (India Standard Time)","9552.80","9597.05","9513.15","9555.45","9142.13","59.79","57.45","58.65","9237.46"
"Thu Jul 02 2026 00:00:00 GMT+0530 (India Standard Time)","9582.35","9613.05","9508.50","9604.50","9158.35","60.72","57.80","59.19","9252.98"
"Fri Jul 03 2026 00:00:00 GMT+0530 (India Standard Time)","9639.60","9704.55","9555.85","9574.05","9173.72","59.82","57.50","58.70","9270.43"
"Mon Jul 06 2026 00:00:00 GMT+0530 (India Standard Time)","9600.95","9737.15","9582.90","9641.30","9188.42","61.15","57.99","59.46","9286.39"
"Tue Jul 07 2026 00:00:00 GMT+0530 (India Standard Time)","9625.40","9646.05","9427.95","9482.40","9199.14","56.51","56.42","56.93","9296.05"
"Wed Jul 08 2026 00:00:00 GMT+0530 (India Standard Time)","9433.30","9522.70","9280.40","9324.05","9208.70","52.36","54.90","54.55","9300.23"
"Thu Jul 09 2026 00:00:00 GMT+0530 (India Standard Time)","9332.35","9377.75","9253.45","9283.25","9216.64","51.34","54.52","53.95","9305.99"